startTime,pm25
1367463600000.0,125.833
1367593200000.0,23.364
1367712000000.0,24
1367722800000.0,26.833
1367733600000.0,12.333
1367766000000.0,27.333
1367861280000.0,50.167
1367960400000.0,31.833
1367884800000.0,30
1367895600000.0,26
1367906400000.0,56.833
1367917200000.0,35.33300000000001
1367928000000.0,38.5
1367938800000.0,33.667
1368036000000.0,61.8
1368133200000.0,154.333
1368057600000.0,48.333
1368068400000.0,23.5
1368079200000.0,40
1368090000000.0,24
1368100800000.0,15
1368111600000.0,19.333
1368208800000.0,28.5
1368306000000.0,114.333
1368230400000.0,46
1368241200000.0,36.5
1368252000000.0,47.333
1368262800000.0,33.333
1368273600000.0,31.167
1368284400000.0,28.833
1368379320000.0,22.833
1368478800000.0,18.167
1368403200000.0,31.8
1368424800000.0,41
1368435600000.0,36.833
1368446400000.0,33.667
1368457200000.0,30.833
1368558240000.0,33
1368651600000.0,40.333
1368576000000.0,30.833
1368586800000.0,17.333
1368597600000.0,22.667
1368608400000.0,34
1368619200000.0,36.833
1368630000000.0,27.5
1368727440000.0,33.6
1368824400000.0,64.833
1368748800000.0,37.667
1368759600000.0,22.833
1368770400000.0,50
1368781200000.0,33.667
1368792000000.0,18.667
1368802800000.0,17
1368900600000.0,24.4
1368997200000.0,20.333
1368921600000.0,13.667
1368932400000.0,21.333
1368943200000.0,28.167
1368954000000.0,22
1368964800000.0,13.167
1368975600000.0,10.833
1369072800000.0,24.5
1369170000000.0,62.667
1369094400000.0,37.333
1369105200000.0,21.167
1369116000000.0,30.5
1369126800000.0,21.167
1369137600000.0,20.833
1369148400000.0,17.167
1369245600000.0,59.5
1369342800000.0,12
1369267200000.0,4.25
1369278000000.0,42.5
1369299600000.0,27
1369310400000.0,14.333
1369321200000.0,12.167
1369419600000.0,25
1369440000000.0,22.333
1369450800000.0,21
1369461600000.0,14.5
1369472400000.0,15.5
1369483200000.0,19
1369494000000.0,14
1369591200000.0,15.75
1369643280000.0,34
1369645200000.0,17.833
1369656000000.0,22.5
1369666800000.0,28.333
1369766100000.0,53.75
1369861200000.0,115.167
1369785600000.0,53.167
1369796400000.0,26
1369807200000.0,50.167
1369818000000.0,37.333
1369828800000.0,26.667
1369850340000.0,15.667
1370034000000.0,13.667
1369958400000.0,6.667
1369969200000.0,4.667
1369980000000.0,10
1369990800000.0,16.5
1370001600000.0,14.167
1370012400000.0,13.667
1370206800000.0,28.833
1370131200000.0,31
1370142000000.0,12.333
1370152800000.0,13.5
1370163600000.0,9.332999999999998
1370174400000.0,10
1370185200000.0,11.167
1370282400000.0,21.667
1370379600000.0,20.333
1370304000000.0,13.333
1370314800000.0,18.333
1370325600000.0,25
1370336400000.0,18.833
1370347200000.0,17
1370358000000.0,18.333
1370455200000.0,33.5
1370552400000.0,44.833
1370476800000.0,58
1370487600000.0,25.333
1370498400000.0,21.667
1370509200000.0,26.167
1370530800000.0,28.333
1370628000000.0,22.833
1370725200000.0,20
1370649600000.0,34.167
1370660400000.0,12.833
1370671200000.0,13.833
1370682000000.0,15.667
1370692800000.0,11.333
1370703600000.0,10.5
1370800800000.0,18.833
1370898000000.0,38.167
1370822400000.0,38.5
1370833200000.0,25.833
1370844000000.0,41
1370854800000.0,30.5
1370865600000.0,12.5
1370876400000.0,12.5
1370973600000.0,15.167
1371070800000.0,25
1370995200000.0,14.833
1371006000000.0,8.333
1371016800000.0,11.5
1371027600000.0,23.5
1371038400000.0,17
1371049200000.0,15.167
1371241440000.0,48
1371330000000.0,59.5
1371265200000.0,22
1371276000000.0,35.33300000000001
1371286800000.0,23.667
1371297600000.0,12.5
1371308400000.0,14
1371405600000.0,17
1371502800000.0,21.333
1371427200000.0,7.5
1371438000000.0,8
1371448800000.0,9.667
1371459600000.0,11.333
1371470400000.0,15.5
1371481200000.0,26.833
1371675600000.0,40.833
1371600000000.0,35.16699999999999
1371610800000.0,27.833
1371621600000.0,60.167
1371632400000.0,43
1371643200000.0,63.833
1371654000000.0,23.833
1371751200000.0,37.5
1371848400000.0,33.5
1371772800000.0,25.167
1371783600000.0,18.833
1371794400000.0,20.5
1371816000000.0,13.667
1371924000000.0,5.75
1372021200000.0,1
1371945600000.0,0
1371956400000.0,0.6669999999999999
1371967200000.0,1.333
1371978000000.0,8.167
1371988800000.0,1.167
1371999600000.0,0.833
1372096800000.0,0
1372194000000.0,1
1372118400000.0,0
1372129200000.0,0
1372140000000.0,0
1372150800000.0,0.333
1372161600000.0,0
1372172400000.0,0
1372269600000.0,2.833
1372366800000.0,8.5
1372291200000.0,3.333
1372302000000.0,1.5
1372312800000.0,3
1372323600000.0,1
1372334400000.0,0
1372345200000.0,0
1372442400000.0,1
1372539600000.0,0.5
1372464000000.0,0
1372474800000.0,0
1372485600000.0,0
1372496400000.0,1.667
1372507200000.0,1.5
1372518000000.0,2.5
1372615200000.0,3.5
1372712400000.0,7.333
1372636800000.0,5.667
1372647600000.0,2.833
1372658400000.0,5.832999999999999
1372669200000.0,3.167
1372680000000.0,1.5
1372690800000.0,0
1372788000000.0,5.167
1372885200000.0,8.667
1372809600000.0,7.167
1372820400000.0,4.333
1372831200000.0,3.167
1373058000000.0,3.5
1372982400000.0,1.833
1372993200000.0,1.667
1373004000000.0,2.2
1373017440000.0,2.25
1373025600000.0,2.5
1373036400000.0,2.333
1373133600000.0,3.5
1373155200000.0,0.6669999999999999
1373166000000.0,0.333
1373176800000.0,1
1373187600000.0,1.5
1373198400000.0,1.333
1373209200000.0,0.5
1373308740000.0,26
1373403600000.0,37.833
1373328000000.0,33.5
1373338800000.0,16.833
1373349600000.0,29
1373360400000.0,29.5
1373371200000.0,32.5
1373382000000.0,26.5
1373738400000.0,19.5
1373835600000.0,42
1373760000000.0,31.667
1373770800000.0,16.833
1373781600000.0,18
1373803200000.0,12.833
1373814000000.0,13.667
1374008400000.0,45.833
1373932800000.0,27.667
1373943600000.0,16.333
1373954400000.0,30
1373976000000.0,29.5
1373986800000.0,22.333
1374084000000.0,20.5
1374181200000.0,32
1374105600000.0,34.83300000000001
1374116400000.0,14.167
1374127200000.0,23
1374138000000.0,21.167
1374148800000.0,14
1374159600000.0,13.5
1374300000000.0,28.5
1374310800000.0,14.667
1374321600000.0,15.333
1374332400000.0,22.833
1374526800000.0,23.167
1374451200000.0,30.667
1374462000000.0,33.833
1374472800000.0,28.5
1374483600000.0,17
1374494400000.0,19.5
1374505200000.0,22
1374602400000.0,30
1374699600000.0,57.167
1374624000000.0,32.167
1374634800000.0,22
1374645600000.0,36.16699999999999
1374656400000.0,33.167
1374678000000.0,24.667
1374872400000.0,28.5
1374796800000.0,11.333
1374807600000.0,6.5
1374818400000.0,12.833
1374829200000.0,34.667
1374840000000.0,22.333
1374850800000.0,10.667
1374948000000.0,15.167
1375045200000.0,19.667
1374969600000.0,17
1374980400000.0,15.833
1374991200000.0,20.5
1375012800000.0,8.833
1375023600000.0,10
1375120800000.0,15
1375218000000.0,38.333
1375142400000.0,23
1375153200000.0,10.667
1375164000000.0,19.167
1375174800000.0,28.5
1375185600000.0,25
1375196400000.0,20
1375296300000.0,40.75
1375390800000.0,50.83300000000001
1375315200000.0,20.167
1375336800000.0,33.167
1375347600000.0,37.167
1375358400000.0,21.5
1375466400000.0,45.5
1375563600000.0,55.333
1375488000000.0,46
1375498800000.0,46.5
1375509600000.0,60.5
1375520400000.0,65
1375531200000.0,49.167
1375542000000.0,49.83300000000001
1375736400000.0,120.667
1375660800000.0,94.333
1375671600000.0,69.167
1375693200000.0,71.667
1375704000000.0,58.33300000000001
1375714800000.0,34
1375812000000.0,50.66699999999999
1375833600000.0,120.667
1375844400000.0,129.167
1375855200000.0,146.833
1375866000000.0,198.5
1375876800000.0,82.5
1375887600000.0,63.333
1375898400000.0,90.167
1375995600000.0,125.5
1375920000000.0,104.5
1375930800000.0,82.167
1375941600000.0,100.833
1375952400000.0,101.333
1375963200000.0,81.5
1375974000000.0,90.333
1375984800000.0,94.5
1376082000000.0,117.167
1376006400000.0,96.5
1376017200000.0,91
1376028000000.0,92.667
1376038800000.0,107.333
1376049600000.0,74.667
1376060400000.0,28.833
1376157600000.0,34.667
1376254800000.0,46.333
1376179200000.0,31.833
1376190000000.0,20.833
1376200800000.0,33.5
1376211600000.0,19.667
1376330400000.0,45.45500000000001
1376427600000.0,80
1376362800000.0,51.5
1376373600000.0,67.167
1376384400000.0,72.167
1376395200000.0,39.5
1376406000000.0,29.167
1376503200000.0,60.167
1376600400000.0,60
1376524800000.0,43.5
1376535600000.0,23.5
1376546400000.0,17.167
1376557200000.0,25.667
1376568000000.0,38.667
1376578800000.0,53.333
1376676000000.0,78
1376773200000.0,86
1376697600000.0,65.5
1376708400000.0,64.167
1376719200000.0,96.667
1376730000000.0,73.167
1376740800000.0,47.167
1376848800000.0,46.333
1376946000000.0,79.167
1376870400000.0,59
1376881200000.0,39.333
1376892000000.0,44.833
1376902800000.0,51.833
1376924400000.0,52.833
1377021600000.0,34.5
1377118800000.0,36
1377043200000.0,33.167
1377054000000.0,14.333
1377064800000.0,40.667
1377075600000.0,29.833
1377086400000.0,19.333
1377097200000.0,24.667
1377194400000.0,46.167
1377291600000.0,74.167
1377216000000.0,48.667
1377226800000.0,28.333
1377237600000.0,45
1377248400000.0,44.5
1377259200000.0,40.833
1377270000000.0,34.33300000000001
1377367200000.0,44.16699999999999
1377464400000.0,96.5
1377388800000.0,26.5
1377399600000.0,18.833
1377410400000.0,19.333
1377421200000.0,22
1377432000000.0,15.833
1377442800000.0,16.5
1377540000000.0,28.167
1377637200000.0,27.5
1377561600000.0,17.5
1377572400000.0,11.667
1377583200000.0,17.5
1377600900000.0,22.5
1377607980000.0,19.8
1377615600000.0,23.5
1377691200000.0,15.833
1377712800000.0,16
1377734400000.0,18.667
1377745200000.0,11
1377756000000.0,31
1377766800000.0,34
1377777600000.0,22.667
1377788400000.0,19.833
1377982800000.0,60.5
1377907200000.0,35.33300000000001
1377918000000.0,21.167
1377939600000.0,31.167
1377950400000.0,21.667
1377961200000.0,18.667
1378058400000.0,42.33300000000001
1378155600000.0,33
1378080000000.0,19
1378090800000.0,14.333
1378101600000.0,30.8
1378112760000.0,33.2
1378134000000.0,19.333
1378328400000.0,27.5
1378252800000.0,18.333
1378263600000.0,10.5
1378274400000.0,16.333
1378285200000.0,26
1378296000000.0,22.833
1378306800000.0,24.333
1378404000000.0,55.5
1378501200000.0,58.33300000000001
1378425600000.0,33.333
1378436400000.0,22
1378447200000.0,51
1378458000000.0,29.333
1378468800000.0,22.667
1378479600000.0,23.833
1378576800000.0,68.667
1378674000000.0,60
1378598400000.0,34.667
1378609200000.0,23.333
1378620000000.0,21.5
1378641600000.0,33.5
1378652400000.0,31.5
1378846800000.0,89
1378771200000.0,38.667
1378782000000.0,20.333
1378792800000.0,35
1378803600000.0,37.5
1378814400000.0,15.833
1378922400000.0,46.45500000000001
1379019600000.0,61.5
1378944000000.0,28.333
1378954800000.0,23.333
1378965600000.0,82.5
1378976400000.0,33.333
1378987200000.0,14.5
1378998000000.0,15.167
1379095200000.0,41.667
1379192400000.0,26.167
1379116800000.0,15
1379127600000.0,16.833
1379138400000.0,37.833
1379149200000.0,24
1379160000000.0,18.667
1379170800000.0,14
1379269980000.0,133.5
1379365200000.0,111.167
1379289600000.0,39.667
1379300400000.0,18.333
1379311200000.0,25.833
1379322000000.0,23.833
1379332800000.0,17.833
1379343600000.0,19.167
1379580240000.0,49.5
1379581200000.0,22.833
1379592000000.0,23.5
1379602800000.0,21.167
1379700000000.0,50.83300000000001
1379797200000.0,87.833
1379721600000.0,64.5
1379732400000.0,27.5
1379743200000.0,47.167
1379762940000.0,42.5
1379764800000.0,29.167
1379775600000.0,44.333
1379872800000.0,44.833
1379894400000.0,22
1379905200000.0,31.333
1379916000000.0,82.333
1379926800000.0,46
1379937600000.0,22.167
1380045600000.0,143.091
1380142800000.0,170.667
1380067200000.0,80
1380078000000.0,61.333
1380088800000.0,110.333
1380099600000.0,68.167
1380218400000.0,66
1380315600000.0,114.833
1380240000000.0,46.167
1380250800000.0,39.333
1380261600000.0,63.667
1380272400000.0,121.333
1380283200000.0,43.66699999999999
1380294000000.0,39.2
1380391200000.0,119.667
1380488400000.0,144
1380412800000.0,89
1380434400000.0,78.833
1380445200000.0,28.167
1380456000000.0,33
1380466800000.0,23.833
1380564720000.0,48.59999999999999
1380661200000.0,102.5
1380585600000.0,48.333
1380596400000.0,34.83300000000001
1380607200000.0,87.833
1380618000000.0,67
1380628800000.0,29
1380736800000.0,94
1380834000000.0,142.833
1380758400000.0,89.167
1380769200000.0,55.167
1380780000000.0,114
1380801600000.0,56.167
1380812400000.0,52.5
1380909600000.0,119.167
1381006800000.0,138.333
1380931200000.0,23.333
1380942000000.0,17.167
1380952800000.0,28.5
1380963600000.0,34.5
1380974400000.0,19.333
1381185180000.0,64.19999999999999
1381114800000.0,82.333
1381136400000.0,54.833
1381147200000.0,36
1381158000000.0,42
1381255200000.0,83.5
1381352400000.0,54
1381276800000.0,11.833
1381287600000.0,6.832999999999999
1381298400000.0,24.333
1381309200000.0,48.833
1381320000000.0,22.5
1381494060000.0,68.5
1381503600000.0,24.5
1381600800000.0,87
1381698000000.0,43
1381622400000.0,44.333
1381633200000.0,13.167
1381644000000.0,17.333
1381654800000.0,34.33300000000001
1381665600000.0,26.667
1381676400000.0,32
1381774020000.0,280.6
1381870800000.0,293
1381795200000.0,166.333
1381806000000.0,91.333
1381816800000.0,202.5
1381827600000.0,83.167
1381838400000.0,58.66699999999999
1381849200000.0,81.333
1381946400000.0,395.333
1382043600000.0,254.333
1381968000000.0,193
1381978800000.0,86.833
1381989600000.0,169.667
1382000400000.0,142.333
1382011200000.0,44.5
1382022000000.0,61.333
1382119200000.0,137.167
1382216400000.0,154.833
1382140800000.0,109.5
1382151600000.0,62.167
1382162400000.0,130.5
1382173200000.0,100.667
1382194800000.0,61.167
1382389200000.0,296.167
1382313600000.0,154
1382335200000.0,36.833
1382346000000.0,46.667
1382367600000.0,45
1382464800000.0,47.167
1382562000000.0,60.167
1382486400000.0,33
1382497200000.0,24.5
1382508000000.0,73
1382518800000.0,211.833
1382529600000.0,59.333
1382540400000.0,55.5
1382637600000.0,572
1382734800000.0,457.5
1382659200000.0,332.333
1382670000000.0,189.333
1382680800000.0,100.667
1382691600000.0,76
1382702400000.0,58.66699999999999
1382713200000.0,68.5
1382875200000.0,40.667
1382983200000.0,273.667
1383080400000.0,399.333
1383004800000.0,265.5
1383015600000.0,127.5
1383026400000.0,203.333
1383037200000.0,179.5
1383048000000.0,90.833
1383058800000.0,65.667
1383156000000.0,547.667
1383253200000.0,371.333
1383177600000.0,306.5
1383199200000.0,183.667
1383210000000.0,55.167
1383220800000.0,35.5
1383231600000.0,29.833
1383328800000.0,445.5
1383393600000.0,27
1383404400000.0,53.333
1383501600000.0,523.5
1383598800000.0,565.8330000000001
1383523200000.0,340.667
1383534000000.0,135.167
1383544800000.0,114.5
1383555600000.0,159.333
1383566400000.0,62.167
1383577200000.0,117.833
1383674400000.0,78.833
1383771600000.0,42.167
1383696000000.0,26.333
1383706800000.0,16.667
1383717600000.0,69
1383728400000.0,47.167
1383739200000.0,31.833
1383750000000.0,38.833
1383760980000.0,263.6
1383858000000.0,198.5
1383782400000.0,125
1383793200000.0,44.667
1383804000000.0,212.5
1383814800000.0,386.5
1383825600000.0,181.833
1383836400000.0,195
1383933600000.0,66.833
1384030800000.0,55
1383955200000.0,55.833
1383966000000.0,22.5
1383976800000.0,44.333
1383987600000.0,56.5
1383998400000.0,33.833
1384009200000.0,64.667
1384106400000.0,200.333
1384203600000.0,2871.333
1384128000000.0,1606.333
1384138800000.0,104.333
1384149600000.0,278.667
1384160400000.0,149.833
1384171200000.0,48.167
1384182000000.0,50.5
1384279200000.0,60.5
1384376400000.0,41.83300000000001
1384300800000.0,56
1384311600000.0,30.5
1384322400000.0,34.83300000000001
1384333200000.0,52.167
1384344000000.0,37.667
1384354800000.0,62.167
1384452000000.0,499.167
1384549200000.0,530.667
1384495200000.0,317.833
1384506000000.0,701.5
1384516800000.0,192.333
1384527600000.0,77.5
1384624800000.0,498.167
1384722000000.0,386.833
1384646400000.0,399
1384657200000.0,262
1384668000000.0,266.5
1384678800000.0,709.333
1384689600000.0,193.833
1384700400000.0,144
1384797600000.0,2498
1384894800000.0,814
1384819200000.0,717.667
1384830000000.0,362.5
1384840800000.0,469
1384851600000.0,415
1384862400000.0,115
1384873200000.0,334.25
1384970400000.0,1351
1385067600000.0,2082.5
1384992000000.0,1156.333
1385002800000.0,350.5
1385013600000.0,398.833
1385024400000.0,400.667
1385143200000.0,126.818
1385240400000.0,280.833
1385164800000.0,152.667
1385175600000.0,95.333
1385542800000.0,288.833
1385553600000.0,59.66699999999999
1385564400000.0,118.333
1385821380000.0,5440
1385831340000.0,181.26
1385834400000.0,333.45
1385931600000.0,261.63
1385856000000.0,262.327
1385866800000.0,191.393
1385877600000.0,238.007
1385888400000.0,155.547
1385899200000.0,46.993
1385910000000.0,55.03700000000001
1386007200000.0,562.907
1386104400000.0,608
1386028800000.0,486.717
1386039600000.0,461.32
1386050400000.0,149.91
1386061200000.0,452.39
1386072000000.0,143.323
1386180000000.0,185.915
1386277200000.0,317.617
1386201600000.0,293.107
1386212400000.0,177.713
1386223200000.0,237.057
1386234000000.0,102.157
1386244800000.0,44.397
1386255600000.0,137.623
1386352800000.0,368.727
1386450000000.0,368.41
1386374400000.0,230.977
1386385200000.0,98.04000000000001
1386396000000.0,128.757
1386406800000.0,99.94
1386417600000.0,39.583
1386525600000.0,99.82599999999999
1386622800000.0,178.917
1386547200000.0,199.247
1386558000000.0,163.717
1386568800000.0,197.283
1386579600000.0,131.987
1386590400000.0,91.26299999999999
1386601200000.0,27.867
1386698400000.0,54.087
1386795600000.0,124.323
1386720000000.0,391.843
1386730800000.0,188.607
1386741600000.0,64.283
1386752400000.0,82.20700000000001
1386763200000.0,24.383
1386774000000.0,23.18
1386871200000.0,367.08
1386968400000.0,296.907
1386892800000.0,291.397
1386903600000.0,131.733
1386914400000.0,185.883
1386925200000.0,249.787
1386936000000.0,41.547
1387048020000.0,552.8049999999999
1387141200000.0,449.097
1387065600000.0,610.533
1387076400000.0,268.027
1387087200000.0,197.917
1387098000000.0,358.277
1387108800000.0,147.377
1387119600000.0,279.807
1387131000000.0,696.16
1387227600000.0,448.653
1387152000000.0,462.523
1387162800000.0,227.493
1387173600000.0,216.41
1387184400000.0,379.367
1387195200000.0,43.193
1387206000000.0,119.51
1387303200000.0,413.44
1387400400000.0,474.367
1387324800000.0,267.33
1387335600000.0,111.847
1387346400000.0,169.163
1387476000000.0,356.488
1387573200000.0,492.733
1387497600000.0,462.397
1387508400000.0,263.91
1387519200000.0,313.943
1387530000000.0,145.73
1387540800000.0,44.207
1387551600000.0,89.42700000000001
1387746000000.0,497.167
1387670400000.0,444.6
1387681200000.0,195.953
1387692000000.0,127.173
1387702800000.0,242.947
1387713600000.0,35.15
1387724400000.0,29.07
1387821600000.0,61.94
1387918800000.0,187.91
1387843200000.0,442.13
1387854000000.0,150.163
1387864800000.0,124.767
1387875600000.0,122.487
1387886400000.0,187.593
1387897200000.0,206.213
1387994400000.0,168.973
1388091600000.0,234.207
1388016000000.0,252.953
1388026800000.0,115.9
1388037600000.0,153.013
1388048400000.0,210.52
1388059200000.0,71.56700000000001
1388070000000.0,80.18000000000001
1388167200000.0,581.9069999999999
1388264400000.0,811.933
1388188800000.0,734.033
1388199600000.0,428.133
1388210400000.0,205.01
1388221200000.0,425.22
1388232000000.0,348.903
1388242800000.0,530.7330000000001
1388340000000.0,470.567
1388437200000.0,351.247
1388361600000.0,649.8000000000001
1388372400000.0,236.74
1388383200000.0,228.57
1388394000000.0,410.78
1388404800000.0,284.747
1388415600000.0,102.537
1388512800000.0,133.127
1388610000000.0,86.00700000000001
1388534400000.0,36.92299999999999
1388545200000.0,123.057
1388556000000.0,71.63
1388566800000.0,219.577
1388577600000.0,17.733
1388588400000.0,49.463
1388685600000.0,139.903
1388782800000.0,168.847
1388707200000.0,283.67
1388718000000.0,153.9
1388728800000.0,188.037
1388739600000.0,412.173
1388750400000.0,57.76
1388761200000.0,57.38
1388858400000.0,130.91
1388955600000.0,119.953
1388880000000.0,126.603
1388890800000.0,187.15
1388901600000.0,64.727
1388912400000.0,94.68300000000001
1388923200000.0,41.99
1388934000000.0,37.81
1389031200000.0,63.14300000000001
1389083340000.0,80.94
1389085200000.0,189.62
1389096000000.0,58.58300000000001
1389106800000.0,29.323
1389204000000.0,371.703
1389301200000.0,349.41
1389225600000.0,319.897
1389236400000.0,232.623
1389247200000.0,249.533
1389258000000.0,297.287
1389268800000.0,86.45
1389279600000.0,220.907
1389376800000.0,249.533
1389474000000.0,377.34
1389398400000.0,463.537
1389409200000.0,136.103
1389430800000.0,211.597
1389441600000.0,267.647
1389452400000.0,72.07299999999999
1389549600000.0,509.39
1389646800000.0,513.5070000000001
1389571200000.0,558.093
1389582000000.0,351.31
1389592800000.0,231.167
1389603600000.0,246.557
1389614400000.0,97.407
1389625200000.0,199.88
1389722400000.0,565.5029999999999
1389819600000.0,739.1
1389744000000.0,647.2670000000001
1389754800000.0,320.783
1389765600000.0,255.803
1389776400000.0,322.367
1389895200000.0,86.64
1389992400000.0,303.683
1389916800000.0,226.543
1389927600000.0,250.483
1389938400000.0,226.227
1389949200000.0,423.89
1389960000000.0,75.62
1389970800000.0,64.85299999999999
1390068000000.0,67.07000000000001
1390165200000.0,68.083
1390089600000.0,28.627
1390100400000.0,18.303
1390111200000.0,30.97
1390122000000.0,43.51
1390132800000.0,23.687
1390241760000.0,415.123
1390338000000.0,601.6669999999999
1390262400000.0,565.567
1390273200000.0,362.583
1390284000000.0,287.85
1390294800000.0,200.45
1390305600000.0,66.373
1390316400000.0,73.973
1390414620000.0,222.604
1390510800000.0,637.1329999999999
1390435200000.0,593.433
1390446000000.0,391.02
1390456800000.0,210.963
1390467600000.0,316.92
1390478400000.0,107.35
1390489200000.0,34.01
1390586400000.0,128.187
1390683600000.0,129.517
1390608000000.0,128.313
1390618800000.0,118.117
1390629600000.0,167.77
1390640400000.0,259.54
1390651200000.0,73.593
1390662000000.0,85.563
1390761480000.0,47.5
1390856400000.0,34.83300000000001
1390780800000.0,47.183
1390791600000.0,73.593
1390802400000.0,89.553
1390813200000.0,119.003
1390824000000.0,26.157
1390834800000.0,49.4
1390932000000.0,122.36
1391029200000.0,243.327
1390953600000.0,70.42700000000001
1390964400000.0,10.893
1390975200000.0,25.84
1390986000000.0,38.19
1390996800000.0,16.467
1391007600000.0,26.727
1391364000000.0,94.113
1391461200000.0,136.547
1391385600000.0,118.75
1391396400000.0,59.59699999999999
1391407200000.0,144.147
1391418000000.0,234.08
1391428800000.0,24.89
1391439600000.0,21.28
1391536800000.0,339.593
1391634000000.0,220.21
1391558400000.0,238.133
1391569200000.0,193.23
1391580000000.0,248.9
1391590800000.0,211.027
1391601600000.0,51.173
1391612400000.0,142.563
1391709600000.0,106.78
1391806800000.0,166.25
1391731200000.0,187.403
1391742000000.0,135.09
1391752800000.0,135.343
1391763600000.0,268.027
1391774400000.0,223.377
1391785200000.0,29.323
1391882400000.0,60.67299999999999
1391979600000.0,201.843
1391904000000.0,201.97
1391914800000.0,160.93
1391925600000.0,151.937
1391936400000.0,171.823
1391947200000.0,70.74299999999999
1391958000000.0,46.487
1392055200000.0,52.44
1392152400000.0,174.103
1392076800000.0,203.933
1392087600000.0,118.623
1392098400000.0,242.25
1392109200000.0,323.76
1392120000000.0,147.63
1392130800000.0,36.733
1392228000000.0,145.16
1392325200000.0,232.877
1392281040000.0,254.22
1392282000000.0,161.627
1392292800000.0,62.7
1392303600000.0,49.65300000000001
1392400800000.0,160.36
1392498000000.0,214.89
1392422400000.0,264.163
1392433200000.0,214.447
1392444000000.0,233.32
1392454800000.0,333.45
1392465600000.0,48.45
1392476400000.0,18.177
1392573600000.0,194.117
1392670800000.0,210.71
1392595200000.0,278.16
1392606000000.0,173.977
1392616800000.0,282.657
1392627600000.0,253.143
1392638400000.0,48.767
1392649200000.0,36.41699999999999
1392746400000.0,188.29
1392843600000.0,256.817
1392768000000.0,338.327
1392778800000.0,194.75
1392789600000.0,229.963
1392800400000.0,154.597
1392811200000.0,88.477
1392822000000.0,39.837
1392919200000.0,287.787
1393016400000.0,334.02
1392940800000.0,361.697
1392951600000.0,161.31
1392962400000.0,212.737
1392973200000.0,134.077
1392984000000.0,34.96
1393092660000.0,23.256
1393189200000.0,21.47
1393113600000.0,20.583
1393124400000.0,17.607
1393135200000.0,20.457
1393264800000.0,123.396
1393362000000.0,168.277
1393286400000.0,118.56
1393297200000.0,88.09699999999999
1393308000000.0,121.22
1393318800000.0,70.93299999999999
1393329600000.0,31.73
1393340400000.0,20.837
1393437600000.0,63.777
1393534800000.0,146.3
1393459200000.0,116.723
1393470000000.0,85.69
1393480800000.0,174.293
1393491600000.0,123.753
1393502400000.0,38
1393513200000.0,35.72
1393610400000.0,116.407
1393707600000.0,119.763
1393632000000.0,131.1
1393642800000.0,73.91
1393653600000.0,113.493
1393664400000.0,75.05000000000001
1393675200000.0,34.897
1393686000000.0,30.083
1393783200000.0,51.49
1393880400000.0,134.267
1393804800000.0,113.747
1393815600000.0,96.90000000000001
1393826400000.0,207.86
1393837200000.0,165.617
1393848000000.0,14.44
1393956000000.0,59.823
1394053200000.0,108.11
1393977600000.0,140.663
1393988400000.0,48.07
1393999200000.0,105.197
1394010000000.0,202.54
1394020800000.0,26.03
1394031600000.0,16.53
1394128800000.0,87.083
1394226000000.0,118.687
1394150400000.0,133.127
1394161200000.0,111.277
1394172000000.0,171.063
1394182800000.0,64.283
1394193600000.0,30.59
1394204400000.0,21.913
1394301840000.0,118.94
1394398800000.0,135.027
1394323200000.0,122.423
1394334000000.0,14.187
1394366400000.0,16.847
1394476740000.0,24.814
1394571600000.0,41.23
1394496000000.0,56.873
1394506800000.0,29.64
1394517600000.0,111.593
1394528400000.0,55.797
1394539200000.0,11.02
1394550000000.0,14.82
1394647200000.0,93.98699999999999
1394744400000.0,191.583
1394668800000.0,55.48
1394679600000.0,30.02
1394690400000.0,100.383
1394701200000.0,141.487
1394712000000.0,9.247
1394722800000.0,7.537
1394820000000.0,118.75
1394917200000.0,114.697
1394841600000.0,106.147
1394852400000.0,87.52699999999999
1394863200000.0,64.85299999999999
1394874000000.0,35.467
1394884800000.0,21.09
1394895600000.0,14.757
1394992800000.0,19.887
1395090000000.0,11.717
1395014400000.0,9.817
1395025200000.0,5.763
1395036000000.0,25.523
1395046800000.0,32.48999999999999
1395068400000.0,10.007
1395166500000.0,25.08
1395262800000.0,27.55
1395187200000.0,22.737
1395198000000.0,26.917
1395208800000.0,47.943
1395219600000.0,28.69
1395230400000.0,12.033
1395241200000.0,11.78
1395338400000.0,160.297
1395435600000.0,105.83
1395381600000.0,99.18000000000001
1395392400000.0,97.027
1395403200000.0,30.463
1395414000000.0,9.436999999999999
1395511200000.0,73.973
1395543600000.0,25.397
1395554400000.0,25.65
1395576000000.0,12.793
1395586800000.0,9.247
1395684000000.0,105.767
1395781200000.0,71.69300000000001
1395705600000.0,45.98
1395716400000.0,26.22
1395727200000.0,58.33
1395738000000.0,19.697
1395748800000.0,15.96
1395759600000.0,9.436999999999999
1395856800000.0,57.823
1395954000000.0,36.037
1395878400000.0,57
1395889200000.0,20.013
1395900000000.0,29.893
1395910800000.0,15.263
1395921600000.0,11.97
1395932400000.0,9.753
1396029600000.0,13.743
1396126800000.0,53.327
1396051200000.0,38.95
1396062000000.0,18.05
1396072800000.0,36.48
1396083600000.0,40.153
1396105200000.0,7.22
1396450800000.0,7.6
1396548000000.0,48.767
1396645200000.0,58.267
1396569600000.0,26.663
1396580400000.0,14.693
1396591200000.0,40.407
1396602000000.0,27.93
1396612800000.0,15.897
1396623600000.0,10.323
1396720800000.0,34.897
1396818000000.0,77.393
1396742400000.0,63.14300000000001
1396753200000.0,14.377
1396764000000.0,32.87
1396774800000.0,29.387
1396785600000.0,14.757
1396796400000.0,8.550000000000001
1396893600000.0,53.517
1396990800000.0,64.473
1396915200000.0,29.703
1396926000000.0,18.113
1396936800000.0,34.707
1396947600000.0,26.663
1396958400000.0,14.503
1396969200000.0,16.593
1397066400000.0,20.583
1397163600000.0,63.397
1397088000000.0,46.107
1397098800000.0,34.2
1397109600000.0,34.32700000000001
1397120400000.0,15.453
1397131200000.0,12.73
1397142000000.0,11.78
1397239200000.0,38.823
1397336400000.0,41.737
1397260800000.0,27.233
1397271600000.0,20.077
1397282400000.0,25.967
1397293200000.0,14.883
1397304000000.0,8.359999999999999
1397314800000.0,6.143
1397412000000.0,21.217
1397509200000.0,18.43
1397433600000.0,19.317
1397444400000.0,12.35
1397455200000.0,15.707
1397466000000.0,23.877
1397476800000.0,15.897
1397487600000.0,6.967000000000001
1397584800000.0,15.073
1397682000000.0,12.097
1397606400000.0,10.26
1397617200000.0,5.383
1397628000000.0,9.817
1397638800000.0,10.957
1397649600000.0,11.273
1397757600000.0,19.042
1397854800000.0,17.417
1397779200000.0,21.47
1397790000000.0,13.807
1397800800000.0,30.337
1397811600000.0,14.503
1397822400000.0,10.577
1397833200000.0,10.703
1397930400000.0,57.443
1398027600000.0,94.747
1397952000000.0,53.643
1397962800000.0,39.583
1397973600000.0,56.683
1397984400000.0,34.58
1397995200000.0,20.013
1398006000000.0,12.92
1398103200000.0,23.243
1398200400000.0,54.467
1398124800000.0,31.603
1398135600000.0,19.507
1398146400000.0,29.83
1398163200000.0,14.82
1398168000000.0,7.283
1398178800000.0,6.207
1398276000000.0,53.897
1398373200000.0,47.12
1398297600000.0,20.647
1398308400000.0,9.5
1398319200000.0,42.18
1398330000000.0,27.613
1398340800000.0,39.583
1398351600000.0,21.85
1398448800000.0,38.887
1398546000000.0,63.27000000000001
1398470400000.0,26.03
1398481200000.0,9.563000000000001
1398492000000.0,21.723
1398621600000.0,10.018
1398718800000.0,40.28
1398643200000.0,33.947
1398654000000.0,17.67
1398664800000.0,34.83300000000001
1398675600000.0,17.417
1398686400000.0,7.283
1398697200000.0,6.903
1398794400000.0,43.257
1398891600000.0,30.273
1398816000000.0,19.95
1398826800000.0,11.717
1398837600000.0,8.17
1398848400000.0,15.073
1398859200000.0,10.387
1398870000000.0,10.007
1398967200000.0,14.757
1399064400000.0,50.16
1398988800000.0,26.6
1398999600000.0,8.550000000000001
1399010400000.0,9.627000000000001
1399021200000.0,10.577
1399032000000.0,11.59
1399042800000.0,12.16
1399140000000.0,20.267
1399237200000.0,78.533
1399161600000.0,26.473
1399172400000.0,13.617
1399183200000.0,23.37
1399194000000.0,20.837
1399204800000.0,11.843
1399215600000.0,7.473
1399312800000.0,19.95
1399410000000.0,34.897
1399334400000.0,21.407
1399345200000.0,10.703
1399356000000.0,21.787
1399366800000.0,14.757
1399377600000.0,11.273
1399388400000.0,10.83
1399485600000.0,13.553
1399582800000.0,13.617
1399507200000.0,9.436999999999999
1399518000000.0,5.827
1399528800000.0,10.577
1399539600000.0,11.653
1399550400000.0,11.78
1399561200000.0,11.02
1399658400000.0,23.497
1399755600000.0,22.737
1399680000000.0,10.893
1399690800000.0,6.967000000000001
1399701600000.0,9.436999999999999
1399712400000.0,13.11
1399723200000.0,14.883
1399734000000.0,16.15
1399831200000.0,20.71
1399928400000.0,46.55
1399852800000.0,28.817
1399863600000.0,14.693
1399874400000.0,15.137
1399885200000.0,25.333
1399896000000.0,27.613
1399906800000.0,12.983
1400004000000.0,17.67
1400101200000.0,71.947
1400025600000.0,28.373
1400036400000.0,15.96
1400047200000.0,27.677
1400058000000.0,17.987
1400068800000.0,12.983
1400079600000.0,9.563000000000001
1400176800000.0,18.113
1400274000000.0,21.343
1400209200000.0,9.943
1400220000000.0,19.697
1400230800000.0,16.023
1400241600000.0,14.313
1400252400000.0,12.287
1400349600000.0,29.323
1400446800000.0,44.903
1400371200000.0,42.687
1400392800000.0,11.337
1400403600000.0,8.866999999999999
1400414400000.0,9.372999999999999
1400425200000.0,12.477
1400522400000.0,11.843
1400619600000.0,15.01
1400544000000.0,16.087
1400554800000.0,13.997
1400565600000.0,25.143
1400576400000.0,21.787
1400587200000.0,12.667
1400598000000.0,10.387
1400695200000.0,23.18
1400792400000.0,20.963
1400716800000.0,8.992999999999999
1400727600000.0,6.523000000000001
1400738400000.0,9.753
1400749200000.0,13.49
1400760000000.0,7.283
1400770800000.0,6.523000000000001
1400868000000.0,7.283
1400965200000.0,7.41
1400889600000.0,7.41
1400900400000.0,6.397
1400911200000.0,8.866999999999999
1400922000000.0,13.427
1400932800000.0,6.333
1400943600000.0,6.08
1401040800000.0,12.92
1401138000000.0,59.153
1401097440000.0,7.6
1401105600000.0,6.207
1401116400000.0,9.372999999999999
1401213600000.0,11.273
1401310800000.0,24.51
1401235200000.0,11.21
1401246000000.0,7.6
1401256800000.0,18.24
1401267600000.0,12.983
1401278400000.0,6.397
1401289200000.0,5.13
1401386400000.0,10.64
1401483600000.0,21.153
1401408000000.0,12.857
1401418800000.0,8.992999999999999
1401429600000.0,12.667
1401440400000.0,10.387
1401451200000.0,7.283
1401462000000.0,8.106999999999999
1401559200000.0,11.97
1401656400000.0,24.257
1401631020000.0,20.52
1401634800000.0,12.477
1401732000000.0,7.029999999999999
1401829200000.0,10.577
1401753600000.0,12.35
1401764400000.0,5.257000000000001
1401775200000.0,4.497
1401786000000.0,6.713
1401796800000.0,6.207
1401807600000.0,5.383
1401957780000.0,15.96
1401991200000.0,12.709
1402088400000.0,29.007
1402023600000.0,10.513
1402045200000.0,11.273
1402056000000.0,8.550000000000001
1402078260000.0,8.325000000000001
1402174800000.0,10.197
1402099200000.0,7.22
1402110000000.0,5.193
1402120800000.0,10.957
1402131600000.0,9.247
1402142400000.0,10.197
1402153200000.0,7.662999999999999
1402250400000.0,7.22
1402347600000.0,15.833
1402282800000.0,10.577
1402293600000.0,13.87
1402304400000.0,12.033
1402315200000.0,6.143
1402326000000.0,5.763
1402423200000.0,9.31
1402520400000.0,19.57
1402444800000.0,25.143
1402455600000.0,5.7
1402466400000.0,5.890000000000001
1402477200000.0,7.917000000000001
1402488000000.0,7.157
1402498800000.0,7.79
1402596000000.0,7.6
1402693200000.0,15.39
1402617600000.0,13.933
1402628400000.0,8.550000000000001
1402639200000.0,10.07
1402650000000.0,8.866999999999999
1402660800000.0,7.537
1402671600000.0,5.827
1402866000000.0,10.007
1402790400000.0,6.713
1402801200000.0,6.523000000000001
1402812000000.0,7.029999999999999
1402822800000.0,7.917000000000001
1402833600000.0,3.61
1402844400000.0,4.117
1402941660000.0,9.956
1403038800000.0,9.627000000000001
1402963200000.0,14.503
1402974000000.0,9.31
1402984800000.0,13.807
1402995600000.0,10.577
1403006400000.0,7.473
1403017200000.0,9.753
1403116380000.0,10.355
1403211600000.0,13.047
1403136000000.0,6.649999999999999
1403146800000.0,2.533
1403157600000.0,6.08
1403168400000.0,8.17
1403179200000.0,11.97
1403190000000.0,8.866999999999999
1403287200000.0,12.54
1403384400000.0,9.753
1403308800000.0,15.39
1403319600000.0,9.753
1403330400000.0,10.323
1403341200000.0,16.277
1403352000000.0,6.903
1403362800000.0,5.763
1403460000000.0,12.287
1403557200000.0,17.037
1403481600000.0,7.283
1403492400000.0,5.193
1403503200000.0,8.233000000000001
1403514000000.0,11.59
1403535600000.0,10.957
1403654400000.0,10.26
1403665200000.0,6.967000000000001
1403676000000.0,11.527
1403686800000.0,17.353
1403697600000.0,15.77
1403708400000.0,13.87
1403805600000.0,18.81
1403902800000.0,24.7
1403827200000.0,18.367
1403838000000.0,13.68
1403848800000.0,19.19
1403870400000.0,15.073
1403881200000.0,19.19
1403975760000.0,13.68
1403978460000.0,11.096
1404075600000.0,26.6
1404000000000.0,14.757
1404010800000.0,9.31
1404021600000.0,14.25
1404032400000.0,13.68
1404043200000.0,13.997
1404054000000.0,9.436999999999999
1404151200000.0,18.113
1404248400000.0,26.537
1404172800000.0,20.457
1404183600000.0,12.603
1404194400000.0,16.277
1404216000000.0,18.81
1404226800000.0,15.77
1404324000000.0,13.553
1404345600000.0,15.77
1404356400000.0,7.41
1404367200000.0,6.649999999999999
1404378000000.0,9.690000000000001
1404388800000.0,7.662999999999999
1404399600000.0,7.473
1412149020000.0,73.91
1412154000000.0,37.303
1412164800000.0,20.837
1412175600000.0,23.497
1412272800000.0,49.907
1412370000000.0,47.183
1412294400000.0,35.403
1412305200000.0,15.073
1412316000000.0,36.92299999999999
1412326800000.0,29.45
1412337600000.0,13.3
1412348400000.0,19.887
1412445600000.0,82.65000000000001
1412542800000.0,70.11
1412467200000.0,48.64
1412478000000.0,30.083
1412488800000.0,41.61
1412499600000.0,22.99
1412510400000.0,22.99
1412521200000.0,12.92
1412618400000.0,98.04000000000001
1412715600000.0,81.193
1412640000000.0,51.427
1412650800000.0,38.443
1412661600000.0,39.077
1412672400000.0,28.627
1412683200000.0,19.95
1412694000000.0,16.15
1412791200000.0,55.1
1412834400000.0,13.933
1412845200000.0,15.453
1412856000000.0,12.16
1412866800000.0,13.11
1412964000000.0,15.2
1413061200000.0,10.957
1412985600000.0,6.333
1412996400000.0,5.13
1413007200000.0,9.690000000000001
1413018000000.0,22.103
1413039600000.0,11.273
1413136800000.0,62.51
1413234000000.0,103.043
1413158400000.0,85.373
1413169200000.0,49.65300000000001
1413190800000.0,28.247
1413212400000.0,17.923
1413482400000.0,102.283
1413579600000.0,65.297
1413504000000.0,63.46
1413514800000.0,34.707
1413525600000.0,65.803
1413536400000.0,49.337
1413547200000.0,21.343
1413558000000.0,10.957
1413655200000.0,78.027
1413752400000.0,63.46
1413676800000.0,37.873
1413687600000.0,19.317
1413698400000.0,13.997
1413709200000.0,25.143
1413720000000.0,15.517
1413730800000.0,21.153
1413828000000.0,105.767
1413925200000.0,120.017
1413849600000.0,95.633
1413860400000.0,58.837
1413871200000.0,59.85
1413882000000.0,48.26
1413892800000.0,24.637
1413903600000.0,24.193
1414000800000.0,121.663
1414098000000.0,62.573
1414022400000.0,47.31
1414033200000.0,48.957
1414044000000.0,47.817
1414054800000.0,68.843
1414065600000.0,29.007
1414076400000.0,22.673
1414173600000.0,130.657
1414270800000.0,114.95
1414195200000.0,70.80699999999999
1414206000000.0,27.423
1414216800000.0,20.773
1414227600000.0,27.043
1414238400000.0,18.62
1414249200000.0,12.667
1414346400000.0,22.483
1414443600000.0,14.883
1414368000000.0,8.866999999999999
1414378800000.0,5.827
1414389600000.0,17.353
1414400400000.0,17.543
1414411200000.0,11.527
1414422000000.0,12.983
1414519200000.0,27.043
1414616400000.0,18.81
1414540800000.0,13.87
1414551600000.0,12.16
1414562400000.0,19.633
1414573200000.0,40.343
1414584000000.0,27.867
1414594800000.0,17.163
1414692000000.0,14.25
1414789200000.0,6.84
1414713600000.0,5.193
1414735200000.0,33.693
1414746000000.0,55.86
1414756800000.0,19.633
1414767600000.0,15.517
1414864800000.0,97.08999999999999
1414962000000.0,64.727
1414886400000.0,70.23699999999999
1414897200000.0,24.257
1414908000000.0,44.46
1414918800000.0,127.427
1414929600000.0,20.203
1414940400000.0,33.63
1415037600000.0,153.33
1415134800000.0,100.637
1415059200000.0,53.833
1415070000000.0,32.11
1415080800000.0,82.777
1415091600000.0,114.697
1415102400000.0,12.92
1415113200000.0,16.593
1415210400000.0,96.203
1415307600000.0,85.247
1415232000000.0,76.31699999999999
1415242800000.0,36.353
1415253600000.0,62.953
1415264400000.0,52.123
1415275200000.0,36.353
1415286000000.0,26.41
1415383200000.0,201.78
1415480400000.0,179.677
1415404800000.0,210.773
1415415600000.0,115.71
1415426400000.0,109.883
1415437200000.0,120.08
1415448000000.0,40.343
1415458800000.0,44.397
1415556000000.0,291.333
1415653200000.0,175.813
1415577600000.0,49.20999999999999
1415588400000.0,10.513
1415599200000.0,20.14
1415610000000.0,21.85
1415620800000.0,17.607
1415631600000.0,16.593
1415728800000.0,20.837
1415826000000.0,15.897
1415750400000.0,11.653
1415761200000.0,11.02
1415772000000.0,56.937
1415782800000.0,71.44
1415793600000.0,11.4
1415804400000.0,27.677
1415901600000.0,150.86
1415923200000.0,98.863
1415934000000.0,73.087
1415944800000.0,103.487
1415955600000.0,91.137
1415966400000.0,42.623
1415977200000.0,59.66
1416247200000.0,274.233
1416344400000.0,160.867
1416268800000.0,158.46
1416301200000.0,71.06
1416340500000.0,277.59
1416430800000.0,247.507
1416386580000.0,287.66
1416387600000.0,40.977
1416398400000.0,23.053
1416506400000.0,51.54199999999999
1416603600000.0,137.623
1416528000000.0,126.793
1416538800000.0,8.803000000000001
1416549600000.0,18.367
1416679200000.0,154.945
1416776400000.0,89.74300000000001
1416700800000.0,63.587
1416711600000.0,43.003
1416722400000.0,80.18000000000001
1416733200000.0,221.287
1416744000000.0,55.03700000000001
1416754800000.0,30.4
1416852000000.0,250.483
1416949200000.0,287.027
1416873600000.0,178.727
1416884400000.0,30.083
1416895200000.0,26.22
1416906000000.0,31.983
1416916800000.0,26.093
1417024800000.0,112.589
1417122000000.0,150.67
1417046400000.0,236.233
1417057200000.0,108.11
1417068000000.0,158.65
1417078800000.0,50.793
1417089600000.0,24.193
1417100400000.0,27.297
1417197600000.0,368.283
1417294800000.0,284.62
1417219200000.0,355.427
1417230000000.0,106.337
1417240800000.0,52.44
1417251600000.0,278.223
1417370400000.0,96.33
1417467600000.0,123.5
1417392000000.0,154.09
1417402800000.0,97.47
1417413600000.0,156.307
1417424400000.0,115.71
1417435200000.0,31.097
1417446000000.0,62.51
1417543200000.0,65.107
1417640400000.0,484.69
1417564800000.0,336.427
1417575600000.0,227.367
1417586400000.0,434.467
1417597200000.0,262.2
1417608000000.0,29.957
1417629600000.0,131.987
1417726800000.0,203.3
1417651200000.0,140.98
1417662000000.0,95
1417672800000.0,154.343
1417683600000.0,226.923
1417802400000.0,603.567
1417899600000.0,439.153
1417824000000.0,352.133
1417834800000.0,115.9
1417845600000.0,55.163
1417856400000.0,115.9
1417867200000.0,48.57700000000001
1417878000000.0,33.947
